Workbook

Sheet Main
A1: ID | B1: First Name | C1: Last Name | D1: Preferred Name | E1: Gender | F1: Age | G1: Team | H1: Age Group | I1: Present | J1: Scratch
A2: 1 | B2: Isabel | C2: Aldaz | D2: Isabel | E2: F | F2: 12 | G2: Del Prado Stingrays | H2: 11-12
A3: 2 | B3: Drake | C3: Alexander | D3: Drake | E3: M | F3: 17 | G3: Del Prado Stingrays | H3: 15-18
A4: 3 | B4: Everett | C4: Allen | D4: Everett | E4: M | F4: 15 | G4: Del Prado Stingrays | H4: 15-18
A5: 4 | B5: Sabrina | C5: Allen | D5: Sabrina | E5: F | F5: 13 | G5: Del Prado Stingrays | H5: 13-14
A6: 5 | B6: Kavin | C6: Anbu | D6: Kavin | E6: M | F6: 10 | G6: Del Prado Stingrays | H6: 9-10
A7: 6 | B7: Akash | C7: Arun | D7: Akash | E7: M | F7: 7 | G7: FAST Dolphins | H7: 7-8
A8: 7 | B8: Ellie | C8: Atkinson | D8: Ellie | E8: F | F8: 12 | G8: FAST Dolphins | H8: 11-12
A9: 8 | B9: Ethan | C9: Atkinson | D9: Ethan | E9: M | F9: 15 | G9: FAST Dolphins | H9: 15-18
A10: 9 | B10: Seth | C10: Atkinson | D10: Seth | E10: M | F10: 13 | G10: FAST Dolphins | H10: 13-14
A11: 10 | B11: Leo | C11: Baker | D11: Leo | E11: M | F11: 12 | G11: Del Prado Stingrays | H11: 11-12
A12: 11 | B12: Sophie | C12: Baker | D12: Sophie | E12: F | F12: 8 | G12: Del Prado Stingrays | H12: 7-8
A13: 12 | B13: Sienna | C13: Baptista | D13: Sienna | E13: F | F13: 11 | G13: FAST Dolphins | H13: 11-12
... A252: 251 | B252: Alena | C252: khanna | D252: Alena | E252: F | F252: 10 | G252: FAST Dolphins | H252: 9-10

Sheet Girls 6 & under
A1: ID | B1: First Name | C1: Last Name | D1: Preferred Name | E1: Gender | F1: Age | G1: Team | H1: Age Group | I1: Present | J1: Scratch
A2: 24 | B2: Taytum | C2: Brill | D2: Taytum | E2: F | F2: 5 | G2: Del Prado Stingrays | H2: 6 & under | I2: =Main!I25 -> 0 | J2: =Main!J25 -> 0
A3: 39 | B3: Shea | C3: Cerri | D3: Shea | E3: F | F3: 6 | G3: FAST Dolphins | H3: 6 & under | I3: =Main!I40 -> 0 | J3: =Main!J40 -> 0
A4: 40 | B4: Celeste | C4: Chae | D4: Celeste | E4: F | F4: 6 | G4: FAST Dolphins | H4: 6 & under | I4: =Main!I41 -> 0 | J4: =Main!J41 -> 0
A5: 55 | B5: Athena | C5: Do | D5: Athena | E5: F | F5: 6 | G5: Del Prado Stingrays | H5: 6 & under | I5: =Main!I56 -> 0 | J5: =Main!J56 -> 0
A6: 64 | B6: Brooklyn | C6: Dreisbach | D6: Brooklyn | E6: F | F6: 4 | G6: Del Prado Stingrays | H6: 6 & under | I6: =Main!I65 -> 0 | J6: =Main!J65 -> 0
A7: 152 | B7: Charlotte | C7: Mendonca | D7: Charlotte | E7: F | F7: 6 | G7: Del Prado Stingrays | H7: 6 & under | I7: =Main!I153 -> 0 | J7: =Main!J153 -> 0
A8: 163 | B8: Norah | C8: Morphis | D8: Norah | E8: F | F8: 6 | G8: Del Prado Stingrays | H8: 6 & under | I8: =Main!I164 -> 0 | J8: =Main!J164 -> 0
A9: 184 | B9: Lilly | C9: Prater | D9: Lilly | E9: F | F9: 5 | G9: Del Prado Stingrays | H9: 6 & under | I9: =Main!I185 -> 0 | J9: =Main!J185 -> 0
A10: 209 | B10: Gracie | C10: Swoboda | D10: Gracie | E10: F | F10: 5 | G10: Del Prado Stingrays | H10: 6 & under | I10: =Main!I210 -> 0 | J10: =Main!J210 -> 0
A11: 239 | B11: Jessica | C11: Xu | D11: Jessica | E11: F | F11: 6 | G11: FAST Dolphins | H11: 6 & under | I11: =Main!I240 -> 0 | J11: =Main!J240 -> 0

Sheet Boys 6 & under
A1: ID | B1: First Name | C1: Last Name | D1: Preferred Name | E1: Gender | F1: Age | G1: Team | H1: Age Group | I1: Present | J1: Scratch
A2: 13 | B2: Charlie | C2: Beall | D2: Charlie | E2: M | F2: 5 | G2: FAST Dolphins | H2: 6 & under | I2: =Main!I14 -> 0 | J2: =Main!J14 -> 0
A3: 33 | B3: Miles | C3: Carlton | D3: Miles | E3: M | F3: 6 | G3: Del Prado Stingrays | H3: 6 & under | I3: =Main!I34 -> 0 | J3: =Main!J34 -> 0
A4: 43 | B4: Soren | C4: Chang | D4: Soren | E4: M | F4: 5 | G4: FAST Dolphins | H4: 6 & under | I4: =Main!I44 -> 0 | J4: =Main!J44 -> 0
A5: 59 | B5: Davey | C5: Doorlag | D5: Davey | E5: M | F5: 6 | G5: FAST Dolphins | H5: 6 & under | I5: =Main!I60 -> 0 | J5: =Main!J60 -> 0
A6: 65 | B6: Parker | C6: Dreisbach | D6: Parker | E6: M | F6: 6 | G6: Del Prado Stingrays | H6: 6 & under | I6: =Main!I66 -> 0 | J6: =Main!J66 -> 0
A7: 79 | B7: Colton | C7: Giovanetti | D7: Colton | E7: M | F7: 6 | G7: Del Prado Stingrays | H7: 6 & under | I7: =Main!I80 -> 0 | J7: =Main!J80 -> 0
A8: 94 | B8: Grayson | C8: Hayes | D8: Grayson | E8: M | F8: 6 | G8: FAST Dolphins | H8: 6 & under | I8: =Main!I95 -> 0 | J8: =Main!J95 -> 0
A9: 95 | B9: Noah | C9: Hayes | D9: Noah | E9: M | F9: 6 | G9: FAST Dolphins | H9: 6 & under | I9: =Main!I96 -> 0 | J9: =Main!J96 -> 0
A10: 141 | B10: Jonah | C10: Lobo | D10: Jonah | E10: M | F10: 6 | G10: FAST Dolphins | H10: 6 & under | I10: =Main!I142 -> 0 | J10: =Main!J142 -> 0
A11: 146 | B11: Lucas | C11: Marotto | D11: Lucas | E11: M | F11: 5 | G11: Del Prado Stingrays | H11: 6 & under | I11: =Main!I147 -> 0 | J11: =Main!J147 -> 0
A12: 161 | B12: Weston | C12: Morgan | D12: Weston | E12: M | F12: 6 | G12: FAST Dolphins | H12: 6 & under | I12: =Main!I162 -> 0 | J12: =Main!J162 -> 0
A13: 211 | B13: Jackson | C13: Tenold | D13: Jackson | E13: M | F13: 6 | G13: FAST Dolphins | H13: 6 & under | I13: =Main!I212 -> 0 | J13: =Main!J212 -> 0
A14: 215 | B14: Landon | C14: Thomas | D14: Landon | E14: M | F14: 5 | G14: Del Prado Stingrays | H14: 6 & under | I14: =Main!I216 -> 0 | J14: =Main!J216 -> 0
A15: 218 | B15: Logan | C15: Valenziano | D15: Logan | E15: M | F15: 5 | G15: Del Prado Stingrays | H15: 6 & under | I15: =Main!I219 -> 0 | J15: =Main!J219 -> 0
A16: 230 | B16: Brooks | C16: West | D16: Brooks | E16: M | F16: 6 | G16: Del Prado Stingrays | H16: 6 & under | I16: =Main!I231 -> 0 | J16: =Main!J231 -> 0

Sheet Girls 7-8
A1: ID | B1: First Name | C1: Last Name | D1: Preferred Name | E1: Gender | F1: Age | G1: Team | H1: Age Group | I1: Present | J1: Scratch
A2: 11 | B2: Sophie | C2: Baker | D2: Sophie | E2: F | F2: 8 | G2: Del Prado Stingrays | H2: 7-8 | I2: =Main!I12 -> 0 | J2: =Main!J12 -> 0
A3: 14 | B3: Riley | C3: Beall | D3: Riley | E3: F | F3: 8 | G3: FAST Dolphins | H3: 7-8 | I3: =Main!I15 -> 0 | J3: =Main!J15 -> 0
A4: 23 | B4: Emersyn | C4: Brill | D4: Emersyn | E4: F | F4: 7 | G4: Del Prado Stingrays | H4: 7-8 | I4: =Main!I24 -> 0 | J4: =Main!J24 -> 0
A5: 41 | B5: Michaela | C5: Chae | D5: Michaela | E5: F | F5: 8 | G5: FAST Dolphins | H5: 7-8 | I5: =Main!I42 -> 0 | J5: =Main!J42 -> 0
A6: 42 | B6: Emerson | C6: Chaney | D6: Emerson | E6: F | F6: 8 | G6: FAST Dolphins | H6: 7-8 | I6: =Main!I43 -> 0 | J6: =Main!J43 -> 0
A7: 45 | B7: Mia | C7: Chu | D7: Mia | E7: F | F7: 7 | G7: Del Prado Stingrays | H7: 7-8 | I7: =Main!I46 -> 0 | J7: =Main!J46 -> 0
A8: 52 | B8: Phoebe | C8: Davies | D8: Phoebe | E8: F | F8: 8 | G8: FAST Dolphins | H8: 7-8 | I8: =Main!I53 -> 0 | J8: =Main!J53 -> 0
A9: 57 | B9: Addison | C9: Dooley | D9: Addison | E9: F | F9: 8 | G9: Del Prado Stingrays | H9: 7-8 | I9: =Main!I58 -> 0 | J9: =Main!J58 -> 0
A10: 58 | B10: Ryleigh | C10: Dooley | D10: Ryleigh | E10: F | F10: 8 | G10: Del Prado Stingrays | H10: 7-8 | I10: =Main!I59 -> 0 | J10: =Main!J59 -> 0
A11: 60 | B11: Sahasra | C11: Doppalapudi | D11: Sahasra | E11: F | F11: 8 | G11: Del Prado Stingrays | H11: 7-8 | I11: =Main!I61 -> 0 | J11: =Main!J61 -> 0
A12: 78 | B12: Amelia | C12: Giovanetti | D12: Amelia | E12: F | F12: 7 | G12: Del Prado Stingrays | H12: 7-8 | I12: =Main!I79 -> 0 | J12: =Main!J79 -> 0
A13: 88 | B13: Emme | C13: Gurecki | D13: Emme | E13: F | F13: 8 | G13: FAST Dolphins | H13: 7-8 | I13: =Main!I89 -> 0 | J13: =Main!J89 -> 0
A14: 98 | B14: Haylee | C14: Holden | D14: Haylee | E14: F | F14: 7 | G14: FAST Dolphins | H14: 7-8 | I14: =Main!I99 -> 0 | J14: =Main!J99 -> 0
A15: 103 | B15: Jordyn | C15: Huh | D15: Jordyn | E15: F | F15: 7 | G15: Del Prado Stingrays | H15: 7-8 | I15: =Main!I104 -> 0 | J15: =Main!J104 -> 0
A16: 106 | B16: Emi | C16: Ikemoto | D16: Emi | E16: F | F16: 7 | G16: FAST Dolphins | H16: 7-8 | I16: =Main!I107 -> 0 | J16: =Main!J107 -> 0
A17: 131 | B17: Charlotte | C17: LaMoyne | D17: Charlotte | E17: F | F17: 8 | G17: Del Prado Stingrays | H17: 7-8 | I17: =Main!I132 -> 0 | J17: =Main!J132 -> 0
A18: 132 | B18: Emma | C18: LaMoyne | D18: Emma | E18: F | F18: 8 | G18: Del Prado Stingrays | H18: 7-8 | I18: =Main!I133 -> 0 | J18: =Main!J133 -> 0
A19: 140 | B19: Olivia | C19: Liang | D19: Olivia | E19: F | F19: 8 | G19: FAST Dolphins | H19: 7-8 | I19: =Main!I141 -> 0 | J19: =Main!J141 -> 0
A20: 143 | B20: Madeline | C20: Luong | D20: Madeline | E20: F | F20: 7 | G20: Del Prado Stingrays | H20: 7-8 | I20: =Main!I144 -> 0 | J20: =Main!J144 -> 0
A21: 145 | B21: Ren | C21: Mangahas | D21: Ren | E21: F | F21: 8 | G21: Del Prado Stingrays | H21: 7-8 | I21: =Main!I146 -> 0 | J21: =Main!J146 -> 0
A22: 164 | B22: Claire | C22: Murphey | D22: Claire | E22: F | F22: 8 | G22: Del Prado Stingrays | H22: 7-8 | I22: =Main!I165 -> 0 | J22: =Main!J165 -> 0
A23: 168 | B23: Bella | C23: Nguyen | D23: Bella | E23: F | F23: 8 | G23: Del Prado Stingrays | H23: 7-8 | I23: =Main!I169 -> 0 | J23: =Main!J169 -> 0
A24: 169 | B24: Evelyn | C24: Nichols | D24: Evelyn | E24: F | F24: 7 | G24: Del Prado Stingrays | H24: 7-8 | I24: =Main!I170 -> 0 | J24: =Main!J170 -> 0
A25: 185 | B25: Aarna | C25: Rayaprolu | D25: Aarna | E25: F | F25: 8 | G25: Del Prado Stingrays | H25: 7-8 | I25: =Main!I186 -> 0 | J25: =Main!J186 -> 0
A26: 186 | B26: Lena | C26: Reta | D26: Lena | E26: F | F26: 8 | G26: FAST Dolphins | H26: 7-8 | I26: =Main!I187 -> 0 | J26: =Main!J187 -> 0
A27: 191 | B27: Chloe | C27: Scharlemann | D27: Chloe | E27: F | F27: 8 | G27: FAST Dolphins | H27: 7-8 | I27: =Main!I192 -> 0 | J27: =Main!J192 -> 0
A28: 198 | B28: Natalie | C28: Sharp | D28: Natalie | E28: F | F28: 7 | G28: Del Prado Stingrays | H28: 7-8 | I28: =Main!I199 -> 0 | J28: =Main!J199 -> 0
A29: 210 | B29: Jacqueline | C29: Swoboda | D29: Jacqueline | E29: F | F29: 7 | G29: Del Prado Stingrays | H29: 7-8 | I29: =Main!I211 -> 0 | J29: =Main!J211 -> 0
A30: 219 | B30: Mackenzie | C30: Valenziano | D30: Mackenzie | E30: F | F30: 8 | G30: Del Prado Stingrays | H30: 7-8 | I30: =Main!I220 -> 0 | J30: =Main!J220 -> 0
A31: 226 | B31: Emerson | C31: Vu | D31: Emerson | E31: F | F31: 7 | G31: Del Prado Stingrays | H31: 7-8 | I31: =Main!I227 -> 0 | J31: =Main!J227 -> 0
A32: 231 | B32: Hailey | C32: West | D32: Hailey | E32: F | F32: 8 | G32: Del Prado Stingrays | H32: 7-8 | I32: =Main!I232 -> 0 | J32: =Main!J232 -> 0
A33: 238 | B33: Riley | C33: Wong | D33: Riley | E33: F | F33: 8 | G33: FAST Dolphins | H33: 7-8 | I33: =Main!I239 -> 0 | J33: =Main!J239 -> 0
A34: 243 | B34: Julia | C34: Yang | D34: Julia | E34: F | F34: 8 | G34: Del Prado Stingrays | H34: 7-8 | I34: =Main!I244 -> 0 | J34: =Main!J244 -> 0

Sheet Boys 7-8
A1: ID | B1: First Name | C1: Last Name | D1: Preferred Name | E1: Gender | F1: Age | G1: Team | H1: Age Group | I1: Present | J1: Scratch
A2: 6 | B2: Akash | C2: Arun | D2: Akash | E2: M | F2: 7 | G2: FAST Dolphins | H2: 7-8 | I2: =Main!I7 -> 0 | J2: =Main!J7 -> 0
A3: 15 | B3: Parker | C3: Beck | D3: Parker | E3: M | F3: 7 | G3: Del Prado Stingrays | H3: 7-8 | I3: =Main!I16 -> 0 | J3: =Main!J16 -> 0
A4: 21 | B4: Callum | C4: Branson | D4: Callum | E4: M | F4: 8 | G4: Del Prado Stingrays | H4: 7-8 | I4: =Main!I22 -> 0 | J4: =Main!J22 -> 0
A5: 35 | B5: Luca | C5: Cerasi | D5: Luca | E5: M | F5: 8 | G5: Del Prado Stingrays | H5: 7-8 | I5: =Main!I36 -> 0 | J5: =Main!J36 -> 0
A6: 54 | B6: Torin | C6: DeSimas | D6: Torin | E6: M | F6: 8 | G6: FAST Dolphins | H6: 7-8 | I6: =Main!I55 -> 0 | J6: =Main!J55 -> 0
A7: 81 | B7: Max | C7: Grad | D7: Max | E7: M | F7: 8 | G7: FAST Dolphins | H7: 7-8 | I7: =Main!I82 -> 0 | J7: =Main!J82 -> 0
A8: 105 | B8: Chase | C8: Idzkowski | D8: Chase | E8: M | F8: 7 | G8: Del Prado Stingrays | H8: 7-8 | I8: =Main!I106 -> 0 | J8: =Main!J106 -> 0
A9: 117 | B9: Kylan or Ky | C9: Kennedy | D9: Kylan or Ky | E9: M | F9: 7 | G9: Del Prado Stingrays | H9: 7-8 | I9: =Main!I118 -> 0 | J9: =Main!J118 -> 0
A10: 119 | B10: Xander | C10: Kiernan | D10: Xander | E10: M | F10: 8 | G10: FAST Dolphins | H10: 7-8 | I10: =Main!I120 -> 0 | J10: =Main!J120 -> 0
A11: 147 | B11: Jax | C11: Martino | D11: Jax | E11: M | F11: 7 | G11: Del Prado Stingrays | H11: 7-8 | I11: =Main!I148 -> 0 | J11: =Main!J148 -> 0
A12: 217 | B12: Noah | C12: Trettin | D12: Noah | E12: M | F12: 7 | G12: FAST Dolphins | H12: 7-8 | I12: =Main!I218 -> 0 | J12: =Main!J218 -> 0
A13: 220 | B13: Henry | C13: Van Blarigan | D13: Henry | E13: M | F13: 7 | G13: FAST Dolphins | H13: 7-8 | I13: =Main!I221 -> 0 | J13: =Main!J221 -> 0
A14: 241 | B14: Vivaan | C14: Yamsani | D14: Vivaan | E14: M | F14: 7 | G14: Del Prado Stingrays | H14: 7-8 | I14: =Main!I242 -> 0 | J14: =Main!J242 -> 0

Sheet Girls 9-10
A1: ID | B1: First Name | C1: Last Name | D1: Preferred Name | E1: Gender | F1: Age | G1: Team | H1: Age Group | I1: Present | J1: Scratch
A2: 19 | B2: Abby | C2: Bradt | D2: Abby | E2: F | F2: 9 | G2: FAST Dolphins | H2: 9-10 | I2: =Main!I20 -> 0 | J2: =Main!J20 -> 0
A3: 20 | B3: Amelia | C3: Bradt | D3: Amelia | E3: F | F3: 10 | G3: FAST Dolphins | H3: 9-10 | I3: =Main!I21 -> 0 | J3: =Main!J21 -> 0
A4: 32 | B4: Emily | C4: Carlton | D4: Emily | E4: F | F4: 10 | G4: Del Prado Stingrays | H4: 9-10 | I4: =Main!I33 -> 0 | J4: =Main!J33 -> 0
A5: 38 | B5: Isla | C5: Cerri | D5: Isla | E5: F | F5: 9 | G5: FAST Dolphins | H5: 9-10 | I5: =Main!I39 -> 0 | J5: =Main!J39 -> 0
A6: 53 | B6: Skylar | C6: DeSimas | D6: Skylar | E6: F | F6: 10 | G6: FAST Dolphins | H6: 9-10 | I6: =Main!I54 -> 0 | J6: =Main!J54 -> 0
A7: 66 | B7: Emily | C7: Du Plooy | D7: Emily | E7: F | F7: 10 | G7: Del Prado Stingrays | H7: 9-10 | I7: =Main!I67 -> 0 | J7: =Main!J67 -> 0
A8: 77 | B8: Aadya | C8: Garg | D8: Aadya | E8: F | F8: 10 | G8: FAST Dolphins | H8: 9-10 | I8: =Main!I78 -> 0 | J8: =Main!J78 -> 0
A9: 87 | B9: Elle | C9: Gurecki | D9: Elle | E9: F | F9: 10 | G9: FAST Dolphins | H9: 9-10 | I9: =Main!I88 -> 0 | J9: =Main!J88 -> 0
A10: 91 | B10: Taryn | C10: Hamblin | D10: Taryn | E10: F | F10: 9 | G10: Del Prado Stingrays | H10: 9-10 | I10: =Main!I92 -> 0 | J10: =Main!J92 -> 0
A11: 97 | B11: Brynna | C11: Holden | D11: Brynna | E11: F | F11: 10 | G11: FAST Dolphins | H11: 9-10 | I11: =Main!I98 -> 0 | J11: =Main!J98 -> 0
A12: 104 | B12: Chandler | C12: Idzkowski | D12: Chandler | E12: F | F12: 10 | G12: Del Prado Stingrays | H12: 9-10 | I12: =Main!I105 -> 0 | J12: =Main!J105 -> 0
A13: 116 | B13: Angelina | C13: Kennedy | D13: Angelina | E13: F | F13: 10 | G13: Del Prado Stingrays | H13: 9-10 | I13: =Main!I117 -> 0 | J13: =Main!J117 -> 0
A14: 123 | B14: Willow | C14: Kleibor | D14: Willow | E14: F | F14: 9 | G14: Del Prado Stingrays | H14: 9-10 | I14: =Main!I124 -> 0 | J14: =Main!J124 -> 0
A15: 127 | B15: Fiona | C15: Kozlow | D15: Fiona | E15: F | F15: 9 | G15: Del Prado Stingrays | H15: 9-10 | I15: =Main!I128 -> 0 | J15: =Main!J128 -> 0
A16: 135 | B16: Brae | C16: LeMessurier | D16: Brae | E16: F | F16: 9 | G16: FAST Dolphins | H16: 9-10 | I16: =Main!I136 -> 0 | J16: =Main!J136 -> 0
A17: 138 | B17: Lauren | C17: Lewis | D17: Lauren | E17: F | F17: 9 | G17: FAST Dolphins | H17: 9-10 | I17: =Main!I139 -> 0 | J17: =Main!J139 -> 0
A18: 142 | B18: McKenna | C18: Lobo | D18: McKenna | E18: F | F18: 10 | G18: FAST Dolphins | H18: 9-10 | I18: =Main!I143 -> 0 | J18: =Main!J143 -> 0
A19: 171 | B19: Everette | C19: ODonnell | D19: Everette | E19: F | F19: 9 | G19: Del Prado Stingrays | H19: 9-10 | I19: =Main!I172 -> 0 | J19: =Main!J172 -> 0
A20: 205 | B20: Graden | C20: Sobers | D20: Graden | E20: F | F20: 10 | G20: FAST Dolphins | H20: 9-10 | I20: =Main!I206 -> 0 | J20: =Main!J206 -> 0
A21: 214 | B21: Lucie | C21: Thom | D21: Lucie | E21: F | F21: 9 | G21: FAST Dolphins | H21: 9-10 | I21: =Main!I215 -> 0 | J21: =Main!J215 -> 0
A22: 223 | B22: Hattie | C22: Vere Nicoll | D22: Hattie | E22: F | F22: 10 | G22: Del Prado Stingrays | H22: 9-10 | I22: =Main!I224 -> 0 | J22: =Main!J224 -> 0
A23: 225 | B23: Cameron | C23: Vu | D23: Cameron | E23: F | F23: 10 | G23: Del Prado Stingrays | H23: 9-10 | I23: =Main!I226 -> 0 | J23: =Main!J226 -> 0
A24: 229 | B24: Rylee | C24: Wang | D24: Rylee | E24: F | F24: 9 | G24: FAST Dolphins | H24: 9-10 | I24: =Main!I230 -> 0 | J24: =Main!J230 -> 0
A25: 240 | B25: Jojo | C25: Xu | D25: Jojo | E25: F | F25: 9 | G25: FAST Dolphins | H25: 9-10 | I25: =Main!I241 -> 0 | J25: =Main!J241 -> 0
A26: 244 | B26: Claire | C26: Yoon | D26: Claire | E26: F | F26: 10 | G26: Del Prado Stingrays | H26: 9-10 | I26: =Main!I245 -> 0 | J26: =Main!J245 -> 0
A27: 249 | B27: aarini | C27: dutta | D27: aarini | E27: F | F27: 9 | G27: FAST Dolphins | H27: 9-10 | I27: =Main!I250 -> 0 | J27: =Main!J250 -> 0
A28: 250 | B28: Darya | C28: jeddi | D28: Darya | E28: F | F28: 10 | G28: Del Prado Stingrays | H28: 9-10 | I28: =Main!I251 -> 0 | J28: =Main!J251 -> 0
A29: 251 | B29: Alena | C29: khanna | D29: Alena | E29: F | F29: 10 | G29: FAST Dolphins | H29: 9-10 | I29: =Main!I252 -> 0 | J29: =Main!J252 -> 0

Sheet Boys 9-10
A1: ID | B1: First Name | C1: Last Name | D1: Preferred Name | E1: Gender | F1: Age | G1: Team | H1: Age Group | I1: Present | J1: Scratch
A2: 5 | B2: Kavin | C2: Anbu | D2: Kavin | E2: M | F2: 10 | G2: Del Prado Stingrays | H2: 9-10 | I2: =Main!I6 -> 0 | J2: =Main!J6 -> 0
A3: 34 | B3: Barrett | C3: Cederquist | D3: Barrett | E3: M | F3: 9 | G3: FAST Dolphins | H3: 9-10 | I3: =Main!I35 -> 0 | J3: =Main!J35 -> 0
A4: 47 | B4: Henry | C4: Clarkson | D4: Henry | E4: M | F4: 9 | G4: Del Prado Stingrays | H4: 9-10 | I4: =Main!I48 -> 0 | J4: =Main!J48 -> 0
A5: 56 | B5: Ayden | C5: Do | D5: Ayden | E5: M | F5: 10 | G5: Del Prado Stingrays | H5: 9-10 | I5: =Main!I57 -> 0 | J5: =Main!J57 -> 0
A6: 61 | B6: Riivaan | C6: Doshi | D6: Riivaan | E6: M | F6: 10 | G6: Del Prado Stingrays | H6: 9-10 | I6: =Main!I62 -> 0 | J6: =Main!J62 -> 0
A7: 62 | B7: Rreyaan | C7: Doshi | D7: Rreyaan | E7: M | F7: 10 | G7: Del Prado Stingrays | H7: 9-10 | I7: =Main!I63 -> 0 | J7: =Main!J63 -> 0
A8: 111 | B8: Ezra | C8: Kals | D8: Ezra | E8: M | F8: 9 | G8: FAST Dolphins | H8: 9-10 | I8: =Main!I112 -> 0 | J8: =Main!J112 -> 0
A9: 139 | B9: Luke | C9: Lewis | D9: Luke | E9: M | F9: 9 | G9: FAST Dolphins | H9: 9-10 | I9: =Main!I140 -> 0 | J9: =Main!J140 -> 0
A10: 151 | B10: Declan | C10: McShane | D10: Declan | E10: M | F10: 10 | G10: Del Prado Stingrays | H10: 9-10 | I10: =Main!I152 -> 0 | J10: =Main!J152 -> 0
A11: 204 | B11: Declan | C11: Sobers | D11: Declan | E11: M | F11: 10 | G11: FAST Dolphins | H11: 9-10 | I11: =Main!I205 -> 0 | J11: =Main!J205 -> 0
A12: 221 | B12: Jack | C12: Van Blarigan | D12: Jack | E12: M | F12: 10 | G12: FAST Dolphins | H12: 9-10 | I12: =Main!I222 -> 0 | J12: =Main!J222 -> 0
A13: 233 | B13: Bennett | C13: Wheeler | D13: Bennett | E13: M | F13: 10 | G13: FAST Dolphins | H13: 9-10 | I13: =Main!I234 -> 0 | J13: =Main!J234 -> 0
A14: 245 | B14: Roger | C14: Zhang | D14: Roger | E14: M | F14: 10 | G14: FAST Dolphins | H14: 9-10 | I14: =Main!I246 -> 0 | J14: =Main!J246 -> 0

Sheet Girls 11-12
A1: ID | B1: First Name | C1: Last Name | D1: Preferred Name | E1: Gender | F1: Age | G1: Team | H1: Age Group | I1: Present | J1: Scratch
A2: 1 | B2: Isabel | C2: Aldaz | D2: Isabel | E2: F | F2: 12 | G2: Del Prado Stingrays | H2: 11-12 | I2: =Main!I2 -> 0 | J2: =Main!J2 -> 0
A3: 7 | B3: Ellie | C3: Atkinson | D3: Ellie | E3: F | F3: 12 | G3: FAST Dolphins | H3: 11-12 | I3: =Main!I8 -> 0 | J3: =Main!J8 -> 0
A4: 12 | B4: Sienna | C4: Baptista | D4: Sienna | E4: F | F4: 11 | G4: FAST Dolphins | H4: 11-12 | I4: =Main!I13 -> 0 | J4: =Main!J13 -> 0
A5: 16 | B5: Delia | C5: Bent | D5: Delia | E5: F | F5: 11 | G5: Del Prado Stingrays | H5: 11-12 | I5: =Main!I17 -> 0 | J5: =Main!J17 -> 0
A6: 25 | B6: Ella | C6: Brooks | D6: Ella | E6: F | F6: 12 | G6: FAST Dolphins | H6: 11-12 | I6: =Main!I26 -> 0 | J6: =Main!J26 -> 0
A7: 31 | B7: Eila | C7: Carella | D7: Eila | E7: F | F7: 11 | G7: Del Prado Stingrays | H7: 11-12 | I7: =Main!I32 -> 0 | J7: =Main!J32 -> 0
A8: 37 | B8: Elle | C8: Cerri | D8: Elle | E8: F | F8: 11 | G8: FAST Dolphins | H8: 11-12 | I8: =Main!I38 -> 0 | J8: =Main!J38 -> 0
A9: 44 | B9: Emma | C9: Chen | D9: Emma | E9: F | F9: 11 | G9: Del Prado Stingrays | H9: 11-12 | I9: =Main!I45 -> 0 | J9: =Main!J45 -> 0
A10: 80 | B10: Sarina | C10: Gohil | D10: Sarina | E10: F | F10: 12 | G10: Del Prado Stingrays | H10: 11-12 | I10: =Main!I81 -> 0 | J10: =Main!J81 -> 0
A11: 82 | B11: Sara | C11: Grad | D11: Sara | E11: F | F11: 11 | G11: FAST Dolphins | H11: 11-12 | I11: =Main!I83 -> 0 | J11: =Main!J83 -> 0
A12: 110 | B12: Kyra | C12: Joshi | D12: Kyra | E12: F | F12: 11 | G12: FAST Dolphins | H12: 11-12 | I12: =Main!I111 -> 0 | J12: =Main!J111 -> 0
A13: 120 | B13: Hazel | C13: Kim | D13: Hazel | E13: F | F13: 12 | G13: Del Prado Stingrays | H13: 11-12 | I13: =Main!I121 -> 0 | J13: =Main!J121 -> 0
A14: 122 | B14: Aspen | C14: Kleibor | D14: Aspen | E14: F | F14: 11 | G14: Del Prado Stingrays | H14: 11-12 | I14: =Main!I123 -> 0 | J14: =Main!J123 -> 0
A15: 128 | B15: Leah | C15: Kozlow | D15: Leah | E15: F | F15: 12 | G15: Del Prado Stingrays | H15: 11-12 | I15: =Main!I129 -> 0 | J15: =Main!J129 -> 0
A16: 149 | B16: Reese | C16: McCarthy | D16: Reese | E16: F | F16: 12 | G16: Del Prado Stingrays | H16: 11-12 | I16: =Main!I150 -> 0 | J16: =Main!J150 -> 0
A17: 153 | B17: Beatrice | C17: Miller | D17: Beatrice | E17: F | F17: 11 | G17: FAST Dolphins | H17: 11-12 | I17: =Main!I154 -> 0 | J17: =Main!J154 -> 0
A18: 158 | B18: Charlotte | C18: Moeller | D18: Charlotte | E18: F | F18: 11 | G18: Del Prado Stingrays | H18: 11-12 | I18: =Main!I159 -> 0 | J18: =Main!J159 -> 0
A19: 159 | B19: Zara | C19: Moodley | D19: Zara | E19: F | F19: 12 | G19: FAST Dolphins | H19: 11-12 | I19: =Main!I160 -> 0 | J19: =Main!J160 -> 0
A20: 162 | B20: Grace | C20: Morphis | D20: Grace | E20: F | F20: 12 | G20: Del Prado Stingrays | H20: 11-12 | I20: =Main!I163 -> 0 | J20: =Main!J163 -> 0
A21: 165 | B21: Emily | C21: Murphey | D21: Emily | E21: F | F21: 11 | G21: Del Prado Stingrays | H21: 11-12 | I21: =Main!I166 -> 0 | J21: =Main!J166 -> 0
A22: 172 | B22: Violet | C22: ODonnell | D22: Violet | E22: F | F22: 11 | G22: Del Prado Stingrays | H22: 11-12 | I22: =Main!I173 -> 0 | J22: =Main!J173 -> 0
A23: 173 | B23: Henley | C23: OSullivan | D23: Henley | E23: F | F23: 11 | G23: FAST Dolphins | H23: 11-12 | I23: =Main!I174 -> 0 | J23: =Main!J174 -> 0
A24: 175 | B24: JulietJoy or JJ | C24: Ogden | D24: JulietJoy or JJ | E24: F | F24: 12 | G24: Del Prado Stingrays | H24: 11-12 | I24: =Main!I176 -> 0 | J24: =Main!J176 -> 0
A25: 178 | B25: Natalie | C25: Orr | D25: Natalie | E25: F | F25: 11 | G25: FAST Dolphins | H25: 11-12 | I25: =Main!I179 -> 0 | J25: =Main!J179 -> 0
A26: 182 | B26: Georgia | C26: Phillips | D26: Georgia | E26: F | F26: 11 | G26: FAST Dolphins | H26: 11-12 | I26: =Main!I183 -> 0 | J26: =Main!J183 -> 0
A27: 190 | B27: Talia | C27: Saroukhanoff | D27: Talia | E27: F | F27: 11 | G27: FAST Dolphins | H27: 11-12 | I27: =Main!I191 -> 0 | J27: =Main!J191 -> 0
A28: 192 | B28: Grace | C28: Scharlemann | D28: Grace | E28: F | F28: 11 | G28: FAST Dolphins | H28: 11-12 | I28: =Main!I193 -> 0 | J28: =Main!J193 -> 0
A29: 196 | B29: Willa | C29: Schauwecker | D29: Willa | E29: F | F29: 11 | G29: Del Prado Stingrays | H29: 11-12 | I29: =Main!I197 -> 0 | J29: =Main!J197 -> 0
A30: 200 | B30: Ava | C30: Shirvani | D30: Ava | E30: F | F30: 12 | G30: FAST Dolphins | H30: 11-12 | I30: =Main!I201 -> 0 | J30: =Main!J201 -> 0
A31: 213 | B31: Ellie | C31: Thom | D31: Ellie | E31: F | F31: 12 | G31: FAST Dolphins | H31: 11-12 | I31: =Main!I214 -> 0 | J31: =Main!J214 -> 0
A32: 222 | B32: Arabella | C32: Vere Nicoll | D32: Arabella | E32: F | F32: 12 | G32: Del Prado Stingrays | H32: 11-12 | I32: =Main!I223 -> 0 | J32: =Main!J223 -> 0

Sheet Boys 11-12
A1: ID | B1: First Name | C1: Last Name | D1: Preferred Name | E1: Gender | F1: Age | G1: Team | H1: Age Group | I1: Present | J1: Scratch
A2: 10 | B2: Leo | C2: Baker | D2: Leo | E2: M | F2: 12 | G2: Del Prado Stingrays | H2: 11-12 | I2: =Main!I11 -> 0 | J2: =Main!J11 -> 0
A3: 17 | B3: Ian | C3: Bent | D3: Ian | E3: M | F3: 11 | G3: Del Prado Stingrays | H3: 11-12 | I3: =Main!I18 -> 0 | J3: =Main!J18 -> 0
A4: 50 | B4: Conrad | C4: Cykowski | D4: Conrad | E4: M | F4: 11 | G4: Del Prado Stingrays | H4: 11-12 | I4: =Main!I51 -> 0 | J4: =Main!J51 -> 0
A5: 71 | B5: Jack | C5: Fillmore | D5: Jack | E5: M | F5: 12 | G5: Del Prado Stingrays | H5: 11-12 | I5: =Main!I72 -> 0 | J5: =Main!J72 -> 0
A6: 76 | B6: Grant | C6: Ford | D6: Grant | E6: M | F6: 11 | G6: Del Prado Stingrays | H6: 11-12 | I6: =Main!I77 -> 0 | J6: =Main!J77 -> 0
A7: 99 | B7: Levi | C7: Holden | D7: Levi | E7: M | F7: 12 | G7: FAST Dolphins | H7: 11-12 | I7: =Main!I100 -> 0 | J7: =Main!J100 -> 0
A8: 114 | B8: Lincoln | C8: Kao | D8: Lincoln | E8: M | F8: 12 | G8: FAST Dolphins | H8: 11-12 | I8: =Main!I115 -> 0 | J8: =Main!J115 -> 0
A9: 124 | B9: Conner | C9: Koning | D9: Conner | E9: M | F9: 11 | G9: FAST Dolphins | H9: 11-12 | I9: =Main!I125 -> 0 | J9: =Main!J125 -> 0
A10: 130 | B10: Aiden | C10: LaMoyne | D10: Aiden | E10: M | F10: 11 | G10: Del Prado Stingrays | H10: 11-12 | I10: =Main!I131 -> 0 | J10: =Main!J131 -> 0
A11: 133 | B11: Nash | C11: Lammert | D11: Nash | E11: M | F11: 11 | G11: FAST Dolphins | H11: 11-12 | I11: =Main!I134 -> 0 | J11: =Main!J134 -> 0
A12: 144 | B12: Logan | C12: Mangahas | D12: Logan | E12: M | F12: 12 | G12: Del Prado Stingrays | H12: 11-12 | I12: =Main!I145 -> 0 | J12: =Main!J145 -> 0
A13: 148 | B13: Max | C13: Martino | D13: Max | E13: M | F13: 12 | G13: Del Prado Stingrays | H13: 11-12 | I13: =Main!I149 -> 0 | J13: =Main!J149 -> 0
A14: 150 | B14: Finlay | C14: McLaughlin | D14: Finlay | E14: M | F14: 11 | G14: Del Prado Stingrays | H14: 11-12 | I14: =Main!I151 -> 0 | J14: =Main!J151 -> 0
A15: 154 | B15: Nirvaan | C15: Mishra | D15: Nirvaan | E15: M | F15: 11 | G15: FAST Dolphins | H15: 11-12 | I15: =Main!I155 -> 0 | J15: =Main!J155 -> 0
A16: 166 | B16: Deacon | C16: Murray | D16: Deacon | E16: M | F16: 12 | G16: Del Prado Stingrays | H16: 11-12 | I16: =Main!I167 -> 0 | J16: =Main!J167 -> 0
A17: 181 | B17: Jacob | C17: Philippe | D17: Jacob | E17: M | F17: 11 | G17: Del Prado Stingrays | H17: 11-12 | I17: =Main!I182 -> 0 | J17: =Main!J182 -> 0
A18: 201 | B18: Zane | C18: Smalley | D18: Zane | E18: M | F18: 11 | G18: Del Prado Stingrays | H18: 11-12 | I18: =Main!I202 -> 0 | J18: =Main!J202 -> 0
A19: 208 | B19: Robert | C19: Stetsenko | D19: Robert | E19: M | F19: 12 | G19: FAST Dolphins | H19: 11-12 | I19: =Main!I209 -> 0 | J19: =Main!J209 -> 0
A20: 228 | B20: Gavin | C20: Wang | D20: Gavin | E20: M | F20: 12 | G20: Del Prado Stingrays | H20: 11-12 | I20: =Main!I229 -> 0 | J20: =Main!J229 -> 0
A21: 235 | B21: Kai | C21: Wilcox | D21: Kai | E21: M | F21: 12 | G21: Del Prado Stingrays | H21: 11-12 | I21: =Main!I236 -> 0 | J21: =Main!J236 -> 0
A22: 242 | B22: Andrew | C22: Yang | D22: Andrew | E22: M | F22: 11 | G22: Del Prado Stingrays | H22: 11-12 | I22: =Main!I243 -> 0 | J22: =Main!J243 -> 0

Sheet Girls 13-14
A1: ID | B1: First Name | C1: Last Name | D1: Preferred Name | E1: Gender | F1: Age | G1: Team | H1: Age Group | I1: Present | J1: Scratch
A2: 4 | B2: Sabrina | C2: Allen | D2: Sabrina | E2: F | F2: 13 | G2: Del Prado Stingrays | H2: 13-14 | I2: =Main!I5 -> 0 | J2: =Main!J5 -> 0
A3: 49 | B3: Norah | C3: Cole | D3: Norah | E3: F | F3: 14 | G3: Del Prado Stingrays | H3: 13-14 | I3: =Main!I50 -> 0 | J3: =Main!J50 -> 0
A4: 51 | B4: Kaia | C4: Davies | D4: Kaia | E4: F | F4: 14 | G4: FAST Dolphins | H4: 13-14 | I4: =Main!I52 -> 0 | J4: =Main!J52 -> 0
A5: 72 | B5: Samantha | C5: Fillmore | D5: Samantha | E5: F | F5: 14 | G5: Del Prado Stingrays | H5: 13-14 | I5: =Main!I73 -> 0 | J5: =Main!J73 -> 0
A6: 85 | B6: Margie | C6: Greene | D6: Margie | E6: F | F6: 13 | G6: FAST Dolphins | H6: 13-14 | I6: =Main!I86 -> 0 | J6: =Main!J86 -> 0
A7: 86 | B7: Kaylinn | C7: Grimes | D7: Kaylinn | E7: F | F7: 14 | G7: FAST Dolphins | H7: 13-14 | I7: =Main!I87 -> 0 | J7: =Main!J87 -> 0
A8: 90 | B8: Abby | C8: Hamblin | D8: Abby | E8: F | F8: 14 | G8: Del Prado Stingrays | H8: 13-14 | I8: =Main!I91 -> 0 | J8: =Main!J91 -> 0
A9: 92 | B9: Leila | C9: Harold | D9: Leila | E9: F | F9: 14 | G9: Del Prado Stingrays | H9: 13-14 | I9: =Main!I93 -> 0 | J9: =Main!J93 -> 0
A10: 100 | B10: Ellie | C10: Holdren | D10: Ellie | E10: F | F10: 14 | G10: FAST Dolphins | H10: 13-14 | I10: =Main!I101 -> 0 | J10: =Main!J101 -> 0
A11: 112 | B11: Lim | C11: Kang | D11: Lim | E11: F | F11: 14 | G11: FAST Dolphins | H11: 13-14 | I11: =Main!I113 -> 0 | J11: =Main!J113 -> 0
A12: 125 | B12: May | C12: Koning | D12: May | E12: F | F12: 14 | G12: FAST Dolphins | H12: 13-14 | I12: =Main!I126 -> 0 | J12: =Main!J126 -> 0
A13: 126 | B13: Ella | C13: Kozlow | D13: Ella | E13: F | F13: 14 | G13: Del Prado Stingrays | H13: 13-14 | I13: =Main!I127 -> 0 | J13: =Main!J127 -> 0
A14: 129 | B14: Divya | C14: Kulkarni | D14: Divya | E14: F | F14: 13 | G14: FAST Dolphins | H14: 13-14 | I14: =Main!I130 -> 0 | J14: =Main!J130 -> 0
A15: 155 | B15: Nivriti | C15: Mishra | D15: Nivriti | E15: F | F15: 14 | G15: FAST Dolphins | H15: 13-14 | I15: =Main!I156 -> 0 | J15: =Main!J156 -> 0
A16: 156 | B16: Ava | C16: Mitooka | D16: Ava | E16: F | F16: 14 | G16: FAST Dolphins | H16: 13-14 | I16: =Main!I157 -> 0 | J16: =Main!J157 -> 0
A17: 160 | B17: Ellarie | C17: Moorefield | D17: Ellarie | E17: F | F17: 14 | G17: FAST Dolphins | H17: 13-14 | I17: =Main!I161 -> 0 | J17: =Main!J161 -> 0
A18: 195 | B18: Chelsea | C18: Schauwecker | D18: Chelsea | E18: F | F18: 13 | G18: Del Prado Stingrays | H18: 13-14 | I18: =Main!I196 -> 0 | J18: =Main!J196 -> 0
A19: 202 | B19: Caitlin | C19: Smith | D19: Caitlin | E19: F | F19: 14 | G19: Del Prado Stingrays | H19: 13-14 | I19: =Main!I203 -> 0 | J19: =Main!J203 -> 0
A20: 203 | B20: Colleen | C20: Smith | D20: Colleen | E20: F | F20: 14 | G20: Del Prado Stingrays | H20: 13-14 | I20: =Main!I204 -> 0 | J20: =Main!J204 -> 0
A21: 206 | B21: Brooke | C21: Stein | D21: Brooke | E21: F | F21: 14 | G21: Del Prado Stingrays | H21: 13-14 | I21: =Main!I207 -> 0 | J21: =Main!J207 -> 0
A22: 212 | B22: Chloe | C22: Thom | D22: Chloe | E22: F | F22: 14 | G22: FAST Dolphins | H22: 13-14 | I22: =Main!I213 -> 0 | J22: =Main!J213 -> 0
A23: 232 | B23: Annelore | C23: Wheeler | D23: Annelore | E23: F | F23: 13 | G23: FAST Dolphins | H23: 13-14 | I23: =Main!I233 -> 0 | J23: =Main!J233 -> 0
A24: 234 | B24: Ella | C24: Wilcox | D24: Ella | E24: F | F24: 14 | G24: Del Prado Stingrays | H24: 13-14 | I24: =Main!I235 -> 0 | J24: =Main!J235 -> 0

Sheet Boys 13-14
A1: ID | B1: First Name | C1: Last Name | D1: Preferred Name | E1: Gender | F1: Age | G1: Team | H1: Age Group | I1: Present | J1: Scratch
A2: 9 | B2: Seth | C2: Atkinson | D2: Seth | E2: M | F2: 13 | G2: FAST Dolphins | H2: 13-14 | I2: =Main!I10 -> 0 | J2: =Main!J10 -> 0
A3: 26 | B3: Jonathan | C3: Brooks | D3: Jonathan | E3: M | F3: 14 | G3: FAST Dolphins | H3: 13-14 | I3: =Main!I27 -> 0 | J3: =Main!J27 -> 0
A4: 27 | B4: Brady | C4: Bull | D4: Brady | E4: M | F4: 14 | G4: FAST Dolphins | H4: 13-14 | I4: =Main!I28 -> 0 | J4: =Main!J28 -> 0
A5: 36 | B5: Senan | C5: Cerasi | D5: Senan | E5: M | F5: 13 | G5: Del Prado Stingrays | H5: 13-14 | I5: =Main!I37 -> 0 | J5: =Main!J37 -> 0
A6: 67 | B6: Luke | C6: Du Plooy | D6: Luke | E6: M | F6: 13 | G6: Del Prado Stingrays | H6: 13-14 | I6: =Main!I68 -> 0 | J6: =Main!J68 -> 0
A7: 68 | B7: Adrian | C7: Eichler | D7: Adrian | E7: M | F7: 13 | G7: Del Prado Stingrays | H7: 13-14 | I7: =Main!I69 -> 0 | J7: =Main!J69 -> 0
A8: 73 | B8: Brian | C8: Foley | D8: Brian | E8: M | F8: 13 | G8: Del Prado Stingrays | H8: 13-14 | I8: =Main!I74 -> 0 | J8: =Main!J74 -> 0
A9: 74 | B9: Connor | C9: Foley | D9: Connor | E9: M | F9: 13 | G9: Del Prado Stingrays | H9: 13-14 | I9: =Main!I75 -> 0 | J9: =Main!J75 -> 0
A10: 75 | B10: Clark | C10: Ford | D10: Clark | E10: M | F10: 14 | G10: Del Prado Stingrays | H10: 13-14 | I10: =Main!I76 -> 0 | J10: =Main!J76 -> 0
A11: 83 | B11: Ethan | C11: Gray | D11: Ethan | E11: M | F11: 13 | G11: FAST Dolphins | H11: 13-14 | I11: =Main!I84 -> 0 | J11: =Main!J84 -> 0
A12: 89 | B12: Nolan | C12: Haan | D12: Nolan | E12: M | F12: 14 | G12: Del Prado Stingrays | H12: 13-14 | I12: =Main!I90 -> 0 | J12: =Main!J90 -> 0
A13: 107 | B13: Brian | C13: Ishii | D13: Brian | E13: M | F13: 13 | G13: Del Prado Stingrays | H13: 13-14 | I13: =Main!I108 -> 0 | J13: =Main!J108 -> 0
A14: 109 | B14: Lincoln | C14: Jenkins | D14: Lincoln | E14: M | F14: 13 | G14: FAST Dolphins | H14: 13-14 | I14: =Main!I110 -> 0 | J14: =Main!J110 -> 0
A15: 118 | B15: Stellan | C15: Kennedy | D15: Stellan | E15: M | F15: 13 | G15: Del Prado Stingrays | H15: 13-14 | I15: =Main!I119 -> 0 | J15: =Main!J119 -> 0
A16: 134 | B16: Maximus | C16: Lawson | D16: Maximus | E16: M | F16: 13 | G16: FAST Dolphins | H16: 13-14 | I16: =Main!I135 -> 0 | J16: =Main!J135 -> 0
A17: 167 | B17: Adrian | C17: Nestorov | D17: Adrian | E17: M | F17: 14 | G17: FAST Dolphins | H17: 13-14 | I17: =Main!I168 -> 0 | J17: =Main!J168 -> 0
A18: 176 | B18: Nate | C18: Ogden | D18: Nate | E18: M | F18: 14 | G18: Del Prado Stingrays | H18: 13-14 | I18: =Main!I177 -> 0 | J18: =Main!J177 -> 0
A19: 180 | B19: Max | C19: Osborne | D19: Max | E19: M | F19: 14 | G19: FAST Dolphins | H19: 13-14 | I19: =Main!I181 -> 0 | J19: =Main!J181 -> 0
A20: 183 | B20: Levi | C20: Prater | D20: Levi | E20: M | F20: 13 | G20: Del Prado Stingrays | H20: 13-14 | I20: =Main!I184 -> 0 | J20: =Main!J184 -> 0
A21: 194 | B21: Noah | C21: Scharlemann | D21: Noah | E21: M | F21: 13 | G21: FAST Dolphins | H21: 13-14 | I21: =Main!I195 -> 0 | J21: =Main!J195 -> 0
A22: 227 | B22: Kyle | C22: Wall | D22: Kyle | E22: M | F22: 13 | G22: FAST Dolphins | H22: 13-14 | I22: =Main!I228 -> 0 | J22: =Main!J228 -> 0
A23: 246 | B23: Jayden | C23: Zhong | D23: Jayden | E23: M | F23: 14 | G23: Del Prado Stingrays | H23: 13-14 | I23: =Main!I247 -> 0 | J23: =Main!J247 -> 0
A24: 248 | B24: Ryan | C24: Ziegler | D24: Ryan | E24: M | F24: 14 | G24: FAST Dolphins | H24: 13-14 | I24: =Main!I249 -> 0 | J24: =Main!J249 -> 0

Sheet Girls 15-18
A1: ID | B1: First Name | C1: Last Name | D1: Preferred Name | E1: Gender | F1: Age | G1: Team | H1: Age Group | I1: Present | J1: Scratch
A2: 22 | B2: Maggie | C2: Branson | D2: Maggie | E2: F | F2: 15 | G2: Del Prado Stingrays | H2: 15-18 | I2: =Main!I23 -> 0 | J2: =Main!J23 -> 0
A3: 30 | B3: Sasha | C3: Byrne | D3: Sasha | E3: F | F3: 15 | G3: FAST Dolphins | H3: 15-18 | I3: =Main!I31 -> 0 | J3: =Main!J31 -> 0
A4: 63 | B4: Addi | C4: Drain | D4: Addi | E4: F | F4: 17 | G4: Del Prado Stingrays | H4: 15-18 | I4: =Main!I64 -> 0 | J4: =Main!J64 -> 0
A5: 69 | B5: Elena | C5: Eichler | D5: Elena | E5: F | F5: 16 | G5: Del Prado Stingrays | H5: 15-18 | I5: =Main!I70 -> 0 | J5: =Main!J70 -> 0
A6: 84 | B6: Amelia | C6: Greene | D6: Amelia | E6: F | F6: 17 | G6: FAST Dolphins | H6: 15-18 | I6: =Main!I85 -> 0 | J6: =Main!J85 -> 0
A7: 93 | B7: Avery | C7: Harrison | D7: Avery | E7: F | F7: 16 | G7: Del Prado Stingrays | H7: 15-18 | I7: =Main!I94 -> 0 | J7: =Main!J94 -> 0
A8: 102 | B8: Emily | C8: Hsu | D8: Emily | E8: F | F8: 17 | G8: Del Prado Stingrays | H8: 15-18 | I8: =Main!I103 -> 0 | J8: =Main!J103 -> 0
A9: 108 | B9: Lily | C9: Jenkins | D9: Lily | E9: F | F9: 16 | G9: FAST Dolphins | H9: 15-18 | I9: =Main!I109 -> 0 | J9: =Main!J109 -> 0
A10: 137 | B10: Katie | C10: Lewis | D10: Katie | E10: F | F10: 15 | G10: FAST Dolphins | H10: 15-18 | I10: =Main!I138 -> 0 | J10: =Main!J138 -> 0
A11: 170 | B11: Ciena | C11: O'Nesky | D11: Ciena | E11: F | F11: 16 | G11: Del Prado Stingrays | H11: 15-18 | I11: =Main!I171 -> 0 | J11: =Main!J171 -> 0
A12: 174 | B12: Ella | C12: Ogden | D12: Ella | E12: F | F12: 17 | G12: Del Prado Stingrays | H12: 15-18 | I12: =Main!I175 -> 0 | J12: =Main!J175 -> 0
A13: 189 | B13: Emma | C13: Saroukhanoff | D13: Emma | E13: F | F13: 17 | G13: FAST Dolphins | H13: 15-18 | I13: =Main!I190 -> 0 | J13: =Main!J190 -> 0
A14: 216 | B14: Iris | C14: Tong | D14: Iris | E14: F | F14: 15 | G14: FAST Dolphins | H14: 15-18 | I14: =Main!I217 -> 0 | J14: =Main!J217 -> 0

Sheet Boys 15-18
A1: ID | B1: First Name | C1: Last Name | D1: Preferred Name | E1: Gender | F1: Age | G1: Team | H1: Age Group | I1: Present | J1: Scratch
A2: 2 | B2: Drake | C2: Alexander | D2: Drake | E2: M | F2: 17 | G2: Del Prado Stingrays | H2: 15-18 | I2: =Main!I3 -> 0 | J2: =Main!J3 -> 0
A3: 3 | B3: Everett | C3: Allen | D3: Everett | E3: M | F3: 15 | G3: Del Prado Stingrays | H3: 15-18 | I3: =Main!I4 -> 0 | J3: =Main!J4 -> 0
A4: 8 | B4: Ethan | C4: Atkinson | D4: Ethan | E4: M | F4: 15 | G4: FAST Dolphins | H4: 15-18 | I4: =Main!I9 -> 0 | J4: =Main!J9 -> 0
A5: 18 | B5: Artur | C5: Boulatov | D5: Artur | E5: M | F5: 16 | G5: Del Prado Stingrays | H5: 15-18 | I5: =Main!I19 -> 0 | J5: =Main!J19 -> 0
A6: 28 | B6: Camden | C6: Bull | D6: Camden | E6: M | F6: 15 | G6: FAST Dolphins | H6: 15-18 | I6: =Main!I29 -> 0 | J6: =Main!J29 -> 0
A7: 29 | B7: Austin | C7: Bush | D7: Austin | E7: M | F7: 15 | G7: FAST Dolphins | H7: 15-18 | I7: =Main!I30 -> 0 | J7: =Main!J30 -> 0
A8: 46 | B8: Alex | C8: Clarkson | D8: Alex | E8: M | F8: 15 | G8: Del Prado Stingrays | H8: 15-18 | I8: =Main!I47 -> 0 | J8: =Main!J47 -> 0
A9: 48 | B9: Victor | C9: Clarkson | D9: Victor | E9: M | F9: 17 | G9: Del Prado Stingrays | H9: 15-18 | I9: =Main!I49 -> 0 | J9: =Main!J49 -> 0
A10: 70 | B10: Mateo | C10: Eichler | D10: Mateo | E10: M | F10: 18 | G10: Del Prado Stingrays | H10: 15-18 | I10: =Main!I71 -> 0 | J10: =Main!J71 -> 0
A11: 96 | B11: Ethan | C11: Hernandez | D11: Ethan | E11: M | F11: 16 | G11: Del Prado Stingrays | H11: 15-18 | I11: =Main!I97 -> 0 | J11: =Main!J97 -> 0
A12: 101 | B12: Alex | C12: Hsu | D12: Alex | E12: M | F12: 15 | G12: Del Prado Stingrays | H12: 15-18 | I12: =Main!I102 -> 0 | J12: =Main!J102 -> 0
A13: 113 | B13: Isaac | C13: Kao | D13: Isaac | E13: M | F13: 16 | G13: FAST Dolphins | H13: 15-18 | I13: =Main!I114 -> 0 | J13: =Main!J114 -> 0
A14: 115 | B14: Darian | C14: Kell | D14: Darian | E14: M | F14: 16 | G14: FAST Dolphins | H14: 15-18 | I14: =Main!I116 -> 0 | J14: =Main!J116 -> 0
A15: 121 | B15: Colin | C15: Kirschner | D15: Colin | E15: M | F15: 18 | G15: Del Prado Stingrays | H15: 15-18 | I15: =Main!I122 -> 0 | J15: =Main!J122 -> 0
A16: 136 | B16: Andrew | C16: Lewis | D16: Andrew | E16: M | F16: 18 | G16: FAST Dolphins | H16: 15-18 | I16: =Main!I137 -> 0 | J16: =Main!J137 -> 0
A17: 157 | B17: Cole | C17: Mitooka | D17: Cole | E17: M | F17: 18 | G17: FAST Dolphins | H17: 15-18 | I17: =Main!I158 -> 0 | J17: =Main!J158 -> 0
A18: 177 | B18: Charlie | C18: Orr | D18: Charlie | E18: M | F18: 17 | G18: FAST Dolphins | H18: 15-18 | I18: =Main!I178 -> 0 | J18: =Main!J178 -> 0
A19: 179 | B19: Will | C19: Orr | D19: Will | E19: M | F19: 15 | G19: FAST Dolphins | H19: 15-18 | I19: =Main!I180 -> 0 | J19: =Main!J180 -> 0
A20: 187 | B20: Angelo | C20: Romano | D20: Angelo | E20: M | F20: 16 | G20: FAST Dolphins | H20: 15-18 | I20: =Main!I188 -> 0 | J20: =Main!J188 -> 0
A21: 188 | B21: Alex | C21: Saroukhanoff | D21: Alex | E21: M | F21: 15 | G21: FAST Dolphins | H21: 15-18 | I21: =Main!I189 -> 0 | J21: =Main!J189 -> 0
A22: 193 | B22: Luke | C22: Scharlemann | D22: Luke | E22: M | F22: 16 | G22: FAST Dolphins | H22: 15-18 | I22: =Main!I194 -> 0 | J22: =Main!J194 -> 0
A23: 197 | B23: Aiden | C23: Seetharaman | D23: Aiden | E23: M | F23: 16 | G23: FAST Dolphins | H23: 15-18 | I23: =Main!I198 -> 0 | J23: =Main!J198 -> 0
A24: 199 | B24: James | C24: Shirk | D24: James | E24: M | F24: 18 | G24: FAST Dolphins | H24: 15-18 | I24: =Main!I200 -> 0 | J24: =Main!J200 -> 0
A25: 207 | B25: Daniel | C25: Stetsenko | D25: Daniel | E25: M | F25: 15 | G25: FAST Dolphins | H25: 15-18 | I25: =Main!I208 -> 0 | J25: =Main!J208 -> 0
A26: 224 | B26: Nathan | C26: Villegas | D26: Nathan | E26: M | F26: 15 | G26: FAST Dolphins | H26: 15-18 | I26: =Main!I225 -> 0 | J26: =Main!J225 -> 0
A27: 236 | B27: J.T. | C27: Williams | D27: J.T. | E27: M | F27: 17 | G27: Del Prado Stingrays | H27: 15-18 | I27: =Main!I237 -> 0 | J27: =Main!J237 -> 0
A28: 237 | B28: Jackson | C28: Williams | D28: Jackson | E28: M | F28: 15 | G28: Del Prado Stingrays | H28: 15-18 | I28: =Main!I238 -> 0 | J28: =Main!J238 -> 0
A29: 247 | B29: Kyle | C29: Ziegler | D29: Kyle | E29: M | F29: 16 | G29: FAST Dolphins | H29: 15-18 | I29: =Main!I248 -> 0 | J29: =Main!J248 -> 0

Sheet All Scratches
A1: ID | B1: First Name | C1: Last Name | D1: Preferred Name | E1: Gender | F1: Age | G1: Team | H1: Age Group | I1: Present | J1: Scratch
A2: {=_xlfn._xlws.FILTER(Main!A2:J252, Main!J2:J252="X", "No Scratches")} -> 0 | B2: 0 | C2: 0 | D2: 0 | E2: 0 | F2: 0 | G2: 0 | H2: 0 | I2: 0 | J2: 0
A3: 0 | B3: 0 | C3: 0 | D3: 0 | E3: 0 | F3: 0 | G3: 0 | H3: 0 | I3: 0 | J3: 0
A4: 0 | B4: 0 | C4: 0 | D4: 0 | E4: 0 | F4: 0 | G4: 0 | H4: 0 | I4: 0 | J4: 0
A5: 0 | B5: 0 | C5: 0 | D5: 0 | E5: 0 | F5: 0 | G5: 0 | H5: 0 | I5: 0 | J5: 0
A6: 0 | B6: 0 | C6: 0 | D6: 0 | E6: 0 | F6: 0 | G6: 0 | H6: 0 | I6: 0 | J6: 0
A7: 0 | B7: 0 | C7: 0 | D7: 0 | E7: 0 | F7: 0 | G7: 0 | H7: 0 | I7: 0 | J7: 0
A8: 0 | B8: 0 | C8: 0 | D8: 0 | E8: 0 | F8: 0 | G8: 0 | H8: 0 | I8: 0 | J8: 0
A9: 0 | B9: 0 | C9: 0 | D9: 0 | E9: 0 | F9: 0 | G9: 0 | H9: 0 | I9: 0 | J9: 0
A10: 0 | B10: 0 | C10: 0 | D10: 0 | E10: 0 | F10: 0 | G10: 0 | H10: 0 | I10: 0 | J10: 0
A11: 0 | B11: 0 | C11: 0 | D11: 0 | E11: 0 | F11: 0 | G11: 0 | H11: 0 | I11: 0 | J11: 0
A12: 0 | B12: 0 | C12: 0 | D12: 0 | E12: 0 | F12: 0 | G12: 0 | H12: 0 | I12: 0 | J12: 0
A13: 0 | B13: 0 | C13: 0 | D13: 0 | E13: 0 | F13: 0 | G13: 0 | H13: 0 | I13: 0 | J13: 0
A14: 0 | B14: 0 | C14: 0 | D14: 0 | E14: 0 | F14: 0 | G14: 0 | H14: 0 | I14: 0 | J14: 0
... A253: 0 | B253: 0 | C253: 0 | D253: 0 | E253: 0 | F253: 0 | G253: 0 | H253: 0 | I253: 0 | J253: 0
